date,rb_value,ml_blend_value,rb_return_pct,ml_blend_ret_pct,rb_regime,ml_regime,ml_conf,growth_score,inflation_score,rb_cum_pct,ml_cum_pct
2020-01-10,10016.7758,10011.6131,0.1678,0.1161,STAGFLATION,REFLATION,88.4,46.38,58.03,0.16775799999999563,0.1161310000000082
2020-01-17,10063.8278,10060.0985,0.4697,0.4843,STAGFLATION,REFLATION,84.68,47.55,53.77,0.638277999999981,0.6009850000000094
2020-01-24,9971.4991,9937.8955,-0.9174,-1.2147,REFLATION,REFLATION,86.74,53.27,51.59,-0.28500899999999163,-0.6210449999999978
2020-01-31,9901.7832,9821.8598,-0.6992,-1.1676,DEFLATION,REFLATION,86.45,46.58,49.02,-0.9821680000000055,-1.7814019999999986
2020-02-07,9955.0253,9886.9656,0.5377,0.6629,STAGFLATION,REFLATION,85.63,45.14,54.92,-0.44974700000001144,-1.1303440000000053
2020-02-14,10039.5716,9975.9848,0.8493,0.9004,GOLDILOCKS,REFLATION,87.75,51.34,45.75,0.3957159999999904,-0.24015199999999348
2020-02-21,10060.0783,9994.108,0.2043,0.1817,GOLDILOCKS,REFLATION,81.99,52.6,46.94,0.6007829999999936,-0.05891999999999564
2020-02-28,9693.9934,9571.3552,-3.639,-4.23,DEFLATION,REFLATION,73.55,46.3,47.75,-3.0600660000000057,-4.286447999999998
2020-03-06,9847.9223,9681.4659,1.5879,1.1504,STAGFLATION,REFLATION,82.18,35.6,52.43,-1.5207769999999954,-3.185341000000008
2020-03-13,9380.6194,9125.1534,-4.7452,-5.7462,DEFLATION,REFLATION,93.02,24.33,47.68,-6.193806000000002,-8.748466000000011
2020-03-20,9375.4016,8903.3957,-0.0556,-2.4302,DEFLATION,REFLATION,85.19,29.25,21.79,-6.245984000000004,-10.966043000000013
2020-03-27,9572.6413,9181.5037,2.1038,3.1236,DEFLATION,REFLATION,86.9,16.8,20.63,-4.273587000000012,-8.184963000000012
2020-04-03,9616.7647,9187.7671,0.4609,0.0682,DEFLATION,REFLATION,90.58,15.24,32.88,-3.8323529999999995,-8.122329000000006
2020-04-10,9629.3542,9325.269,0.1309,1.4966,DEFLATION,REFLATION,82.69,10.63,20.56,-3.7064580000000014,-6.747309999999995
2020-04-17,9683.025,9375.8905,0.5574,0.5428,DEFLATION,REFLATION,85.08,11.65,33.41,-3.1697500000000045,-6.241095000000008
2020-04-24,9721.3915,9349.3333,0.3962,-0.2832,DEFLATION,REFLATION,85.13,11.83,27.71,-2.786085000000005,-6.506666999999999
2020-05-01,9665.7185,9311.9627,-0.5727,-0.3997,DEFLATION,REFLATION,84.46,11.27,21.62,-3.342814999999988,-6.880372999999995
2020-05-08,9675.3432,9399.9141,0.0996,0.9445,DEFLATION,REFLATION,85.05,12.26,29.04,-3.2465680000000052,-6.000859000000003
2020-05-15,9724.0129,9407.5312,0.503,0.081,DEFLATION,REFLATION,85.26,14.66,25.04,-2.7598710000000026,-5.924688
2020-05-22,9726.3884,9464.3137,0.0244,0.6036,DEFLATION,REFLATION,85.14,13.91,21.46,-2.7361159999999995,-5.35686299999999
2020-05-29,9709.917,9502.3703,-0.1693,0.4021,DEFLATION,REFLATION,85.7,14.88,26.85,-2.90083000000001,-4.976296999999996
2020-06-05,9602.0416,9528.6847,-1.111,0.2769,DEFLATION,REFLATION,85.02,15.23,31.47,-3.9795839999999916,-4.713153000000004
2020-06-12,9679.8588,9526.9356,0.8104,-0.0184,DEFLATION,REFLATION,87.52,21.25,36.47,-3.2014120000000035,-4.7306439999999945
2020-06-19,9720.2658,9593.4157,0.4174,0.6978,DEFLATION,REFLATION,85.32,16.62,34.32,-2.7973420000000027,-4.065843000000003
2020-06-26,9752.8009,9587.9053,0.3347,-0.0574,DEFLATION,REFLATION,85.41,17.14,31.21,-2.4719909999999956,-4.1209469999999975
2020-07-03,9765.3265,9664.0504,0.1284,0.7942,DEFLATION,REFLATION,84.09,16.24,30.05,-2.346735000000011,-3.359495999999995
2020-07-10,9841.1379,9762.6958,0.7763,1.0207,DEFLATION,REFLATION,85.88,28.79,36.19,-1.5886210000000012,-2.373042000000003
2020-07-17,9857.3253,9782.4133,0.1645,0.202,DEFLATION,REFLATION,89.32,29.77,41.23,-1.4267469999999949,-2.175866999999998
2020-07-24,9979.5436,9902.3087,1.2399,1.2256,DEFLATION,REFLATION,90.58,31.03,44.17,-0.20456399999999597,-0.9769130000000015
2020-07-31,10078.4926,9997.2346,0.9915,0.9586,DEFLATION,REFLATION,89.33,29.71,46.07,0.7849259999999969,-0.02765399999999918
2020-08-07,10191.717,10130.7985,1.1234,1.336,DEFLATION,REFLATION,89.84,30.88,45.05,1.9171700000000014,1.3079850000000004
2020-08-14,10073.3364,10046.2775,-1.1615,-0.8343,DEFLATION,REFLATION,89.56,31.99,46.99,0.7333639999999919,0.46277500000000416
2020-08-21,10115.0308,10079.3803,0.4139,0.3295,DEFLATION,REFLATION,87.23,35.44,45.08,1.1503079999999999,0.793803000000004
2020-08-28,10118.913,10132.3491,0.0384,0.5255,DEFLATION,REFLATION,89.42,33.42,41.46,1.189130000000005,1.3234909999999989
2020-09-04,10028.5474,10010.0546,-0.893,-1.207,DEFLATION,REFLATION,85.6,36.37,48.24,0.2854739999999856,0.10054600000000136
2020-09-11,10001.669,9957.6051,-0.268,-0.524,DEFLATION,REFLATION,91.83,37.16,43.39,0.016689999999996985,-0.42394899999999014
2020-09-18,10036.4367,10029.533,0.3476,0.7223,DEFLATION,REFLATION,92.37,36.46,39.5,0.3643669999999988,0.29532999999999365
2020-09-25,9925.6051,9875.5729,-1.1043,-1.5351,DEFLATION,REFLATION,92.87,37.28,43.6,-0.7439489999999882,-1.244271000000008
2020-10-02,9925.7151,9897.0569,0.0011,0.2175,DEFLATION,REFLATION,91.84,36.2,32.25,-0.742849000000001,-1.0294310000000029
2020-10-09,10012.7115,10055.2327,0.8765,1.5982,DEFLATION,REFLATION,94.97,37.06,38.19,0.12711499999999987,0.552327000000008
2020-10-16,9996.5319,10031.2464,-0.1616,-0.2385,DEFLATION,REFLATION,95.51,40.07,46.56,-0.03468100000000307,0.3124640000000012
2020-10-23,9979.8206,10028.506,-0.1672,-0.0273,DEFLATION,REFLATION,94.55,39.38,43.09,-0.2017940000000107,0.28505999999999254
2020-10-30,9808.494,9808.7838,-1.7167,-2.191,DEFLATION,REFLATION,95.66,41.06,49.02,-1.9150599999999907,-1.9121620000000061
2020-11-06,10046.0603,10100.9864,2.422,2.979,DEFLATION,REFLATION,94.24,39.74,38.09,0.46060299999999277,1.0098640000000048
2020-11-13,10073.452,10153.7381,0.2727,0.5222,DEFLATION,REFLATION,95.66,43.04,47.04,0.734519999999983,1.5373810000000043
2020-11-20,10142.8232,10228.9702,0.6887,0.7409,DEFLATION,REFLATION,94.4,42.51,45.72,1.4282320000000182,2.2897020000000046
2020-11-27,10144.6292,10272.8404,0.0178,0.4289,DEFLATION,REFLATION,95.04,42.96,47.71,1.4462919999999935,2.7284039999999843
2020-12-04,10198.6051,10341.4486,0.5321,0.6679,DEFLATION,REFLATION,93.79,42.71,49.03,1.9860509999999998,3.4144860000000055
2020-12-11,10229.0994,10374.1082,0.299,0.3158,STAGFLATION,REFLATION,96.26,47.27,54.83,2.2909939999999906,3.7410820000000067
2020-12-18,10388.798,10545.2875,1.5612,1.6501,STAGFLATION,REFLATION,94.4,45.84,53.54,3.887980000000013,5.4528750000000015
2020-12-25,10385.9144,10532.6981,-0.0278,-0.1194,STAGFLATION,REFLATION,91.55,46.07,58.75,3.8591440000000032,5.326980999999997
2021-01-01,10477.3121,10628.3234,0.88,0.9079,STAGFLATION,REFLATION,92.7,46.64,56.6,4.773121000000002,6.283233999999993
2021-01-08,10626.6808,10818.1974,1.4256,1.7865,REFLATION,REFLATION,94.88,50.08,57.91,6.26680799999999,8.18197399999998
2021-01-15,10581.9138,10779.3119,-0.4213,-0.3594,REFLATION,REFLATION,95.19,51.43,57.35,5.8191380000000015,7.793119000000015
2021-01-22,10640.6101,10843.0464,0.5547,0.5913,GOLDILOCKS,REFLATION,95.91,52.38,49.5,6.4061010000000085,8.430463999999983
2021-01-29,10545.1814,10726.0336,-0.8968,-1.0792,REFLATION,REFLATION,96.97,52.29,56.67,5.451813999999988,7.260336000000001
2021-02-05,10762.9869,10991.1394,2.0654,2.4716,REFLATION,REFLATION,97.09,51.3,57.09,7.629869,9.911394000000007
2021-02-12,10913.6743,11157.9473,1.4001,1.5177,REFLATION,REFLATION,96.4,50.61,57.3,9.136743000000003,11.579472999999997
2021-02-19,10884.7805,11133.5527,-0.2647,-0.2186,STAGFLATION,REFLATION,91.55,49.95,65.1,8.847804999999997,11.335527
2021-02-26,10707.2246,10946.6662,-1.6312,-1.6786,REFLATION,REFLATION,96.64,52.72,62.72,7.072246000000004,9.466661999999992
2021-03-05,10748.1557,11011.4973,0.3823,0.5922,REFLATION,REFLATION,98.52,55.97,57.36,7.481556999999994,10.114973000000017
2021-03-12,10898.5088,11159.0529,1.3989,1.34,REFLATION,REFLATION,99.52,58.99,52.84,8.985087999999998,11.590529000000016
2021-03-19,10822.4513,11064.4059,-0.6979,-0.8482,REFLATION,REFLATION,99.52,57.55,54.66,8.224513,10.644059000000006
2021-03-26,10791.4926,11026.5332,-0.2861,-0.3423,REFLATION,REFLATION,99.37,58.19,55.09,7.914925999999989,10.265331999999994
2021-04-02,10868.785,11104.0999,0.7162,0.7035,REFLATION,REFLATION,99.33,57.94,54.41,8.687850000000008,11.040998999999996
2021-04-09,10894.7134,11124.5564,0.2386,0.1842,REFLATION,REFLATION,98.87,59.74,61.63,8.947134000000002,11.245563999999986
2021-04-16,11074.0363,11316.2571,1.646,1.7232,REFLATION,REFLATION,99.13,58.81,64.81,10.74036300000001,13.162571
2021-04-23,11090.9006,11344.24,0.1523,0.2473,REFLATION,REFLATION,99.28,60.31,67.85,10.909005999999998,13.442399999999989
2021-04-30,11111.948,11364.8198,0.1898,0.1814,REFLATION,REFLATION,99.14,59.88,66.19,11.119480000000003,13.64819799999999
2021-05-07,11310.514,11580.1311,1.787,1.8945,REFLATION,REFLATION,99.49,61.63,63.73,13.105139999999981,15.801310999999995
2021-05-14,11172.8837,11433.039,-1.2168,-1.2702,REFLATION,REFLATION,99.33,62.14,70.38,11.728837000000002,14.330390000000005
2021-05-21,11139.53,11400.7657,-0.2985,-0.2823,REFLATION,REFLATION,99.42,60.56,68.42,11.395299999999997,14.007656999999995
2021-05-28,11304.777,11583.1413,1.4834,1.5997,REFLATION,REFLATION,99.47,60.08,67.61,13.047769999999993,15.831412999999994
2021-06-04,11411.1697,11702.9229,0.9411,1.0341,REFLATION,REFLATION,99.47,60.21,64.7,14.111697000000012,17.02922899999999
2021-06-11,11445.541,11734.2631,0.3012,0.2678,REFLATION,REFLATION,99.51,60.36,60.76,14.45540999999999,17.342630999999997
2021-06-18,11225.7778,11488.9452,-1.9201,-2.0906,REFLATION,REFLATION,99.65,60.6,54.52,12.257778000000009,14.889452000000002
2021-06-25,11339.6805,11634.595,1.0147,1.2677,GOLDILOCKS,REFLATION,99.31,61.85,49.15,13.396805,16.345949999999988
2021-07-02,11431.8348,11724.6102,0.8127,0.7737,GOLDILOCKS,REFLATION,99.62,64.97,49.51,14.318348000000004,17.246101999999986
2021-07-09,11385.7363,11657.6608,-0.4032,-0.571,REFLATION,REFLATION,99.51,63.57,50.3,13.857363,16.576608000000004
2021-07-16,11309.4145,11580.2828,-0.6703,-0.6638,REFLATION,REFLATION,99.67,62.59,55.88,13.094145000000012,15.802828000000012
2021-07-23,11359.5319,11621.8845,0.4431,0.3592,REFLATION,REFLATION,99.65,60.5,56.06,13.595318999999995,16.218844999999995
2021-07-30,11432.0289,11684.0397,0.6382,0.5348,REFLATION,REFLATION,99.7,60.11,56.89,14.320288999999997,16.840396999999996
2021-08-06,11351.3266,11600.6149,-0.7059,-0.714,REFLATION,REFLATION,99.72,59.56,63.79,13.513266000000002,16.006149000000015
2021-08-13,11391.2383,11633.8009,0.3516,0.2861,REFLATION,REFLATION,99.7,60.38,57.46,13.912383000000016,16.338009
2021-08-20,11185.507,11383.8443,-1.806,-2.1485,REFLATION,REFLATION,99.64,58.56,59.63,11.85506999999999,13.838443000000012
2021-08-27,11443.3965,11697.8265,2.3056,2.7581,REFLATION,REFLATION,99.62,57.78,51.32,14.433965000000004,16.978264999999993
2021-09-03,11530.1456,11794.1494,0.7581,0.8234,REFLATION,REFLATION,99.7,59.72,61.72,15.301455999999991,17.941494000000002
2021-09-10,11421.4309,11686.4888,-0.9429,-0.9128,REFLATION,REFLATION,99.46,60.19,65.7,14.214309000000004,16.86488799999999
2021-09-17,11374.4953,11638.0828,-0.4109,-0.4142,REFLATION,REFLATION,99.48,61.15,62.79,13.744953000000004,16.380828
2021-09-24,11377.8363,11656.7073,0.0294,0.16,REFLATION,REFLATION,99.41,59.95,56.24,13.778363000000017,16.567073
2021-10-01,11393.3847,11682.1917,0.1367,0.2186,REFLATION,REFLATION,99.66,63.34,53.59,13.933847,16.821917
2021-10-08,11481.0826,11783.0069,0.7697,0.863,REFLATION,REFLATION,99.6,65.09,51.09,14.810825999999988,17.830068999999995
2021-10-15,11687.1176,11994.5531,1.7946,1.7953,REFLATION,REFLATION,99.64,67.49,55.95,16.871175999999988,19.94553099999998
2021-10-22,11735.2186,12042.2155,0.4116,0.3974,REFLATION,REFLATION,99.68,69.12,65.81,17.352185999999993,20.422154999999997
2021-10-29,11678.8025,11977.487,-0.4807,-0.5375,REFLATION,REFLATION,99.68,70.7,72.6,16.788025000000005,19.77487
2021-11-05,11770.2795,12067.5362,0.7833,0.7518,REFLATION,REFLATION,99.77,71.22,69.38,17.702795000000005,20.675361999999996
2021-11-12,11857.0359,12158.7093,0.7371,0.7555,REFLATION,REFLATION,99.77,73.7,66.73,18.570359000000014,21.587093000000014
2021-11-19,11710.452,12003.2104,-1.2363,-1.2789,REFLATION,REFLATION,99.72,73.12,69.95,17.10452,20.032103999999997
2021-11-26,11380.4624,11659.351,-2.8179,-2.8647,REFLATION,REFLATION,99.64,73.01,70.49,13.804623999999999,16.593510000000002
2021-12-03,11264.7871,11536.1198,-1.0164,-1.0569,REFLATION,REFLATION,99.71,74.28,67.83,12.647870999999999,15.361197999999998
2021-12-10,11492.3482,11782.0993,2.0201,2.1323,REFLATION,REFLATION,99.69,73.94,69.12,14.923482,17.820992999999994
2021-12-17,11359.9105,11643.0829,-1.1524,-1.1799,REFLATION,REFLATION,99.73,79.04,71.0,13.59910499999999,16.430828999999992
2021-12-24,11550.4804,11841.9859,1.6776,1.7083,REFLATION,REFLATION,99.72,70.57,61.36,15.504804000000005,18.419859000000006
2021-12-31,11593.6262,11890.0349,0.3735,0.4058,REFLATION,REFLATION,99.73,75.57,68.21,15.936262000000001,18.900349000000016
2022-01-07,11569.3006,11873.8281,-0.2098,-0.1363,REFLATION,REFLATION,99.73,73.6,74.22,15.69300600000001,18.73828100000001
2022-01-14,11695.8265,12010.0769,1.0936,1.1475,REFLATION,REFLATION,99.66,63.92,73.19,16.958264999999994,20.100768999999996
2022-01-21,11563.0972,11864.9871,-1.1348,-1.2081,REFLATION,REFLATION,99.66,61.81,75.63,15.63097200000001,18.649870999999997
2022-01-28,11507.95,11809.608,-0.4769,-0.4667,REFLATION,REFLATION,99.64,59.6,71.0,15.079500000000001,18.096080000000004
2022-02-04,11641.758,11964.1813,1.1627,1.3089,REFLATION,REFLATION,99.64,57.77,65.7,16.417579999999997,19.641813000000006
2022-02-11,11719.9255,12042.3699,0.6714,0.6535,REFLATION,REFLATION,99.61,60.14,69.44,17.19925499999999,20.423699000000006
2022-02-18,11724.475,12045.9777,0.0388,0.03,REFLATION,REFLATION,99.62,59.44,67.68,17.24475000000001,20.45977699999999
2022-02-25,11735.4325,12053.8405,0.0935,0.0653,REFLATION,REFLATION,99.65,51.32,70.79,17.354325000000003,20.538404999999994
2022-03-04,12141.1747,12470.8451,3.4574,3.4595,REFLATION,REFLATION,99.65,52.66,71.96,21.41174699999999,24.70845100000001
2022-03-11,11930.2343,12229.1701,-1.7374,-1.9379,REFLATION,REFLATION,99.5,55.47,71.84,19.302343,22.291700999999996
2022-03-18,11974.3485,12327.343,0.3698,0.8028,STAGFLATION,REFLATION,99.44,49.68,77.5,19.743485000000007,23.27343000000002
2022-03-25,12188.3519,12553.9516,1.7872,1.8383,REFLATION,REFLATION,99.26,54.71,86.54,21.883519000000007,25.539515999999995
2022-04-01,12090.3239,12455.7932,-0.8043,-0.7819,REFLATION,REFLATION,98.07,57.03,84.14,20.903238999999996,24.557932000000005
2022-04-08,12076.7008,12433.6216,-0.1127,-0.178,REFLATION,REFLATION,93.04,56.86,86.49,20.767007999999997,24.336216
2022-04-15,12198.9932,12564.337,1.0126,1.0513,REFLATION,REFLATION,98.52,60.73,77.68,21.98993200000001,25.643369999999987
2022-04-22,11911.5804,12258.2102,-2.356,-2.4365,REFLATION,REFLATION,99.55,63.1,78.4,19.115804000000015,22.582101999999992
2022-04-29,11839.3611,12188.304,-0.6063,-0.5703,REFLATION,REFLATION,99.39,59.7,76.34,18.39361100000001,21.88304000000001
2022-05-06,11812.5345,12166.8666,-0.2266,-0.1759,REFLATION,REFLATION,99.31,56.33,73.46,18.125345000000003,21.66866599999999
2022-05-13,11643.6236,11995.5954,-1.4299,-1.4077,REFLATION,REFLATION,99.32,54.96,70.32,16.436236000000015,19.95595400000001
2022-05-20,11654.0623,12002.7066,0.0897,0.0593,REFLATION,REFLATION,99.15,56.16,66.62,16.54062299999999,20.027065999999994
2022-05-27,11849.2646,12248.1347,1.675,2.0448,STAGFLATION,REFLATION,98.99,43.96,73.47,18.492646,22.481346999999996
2022-06-03,11918.9033,12330.7946,0.5877,0.6749,REFLATION,REFLATION,99.3,52.95,78.51,19.189032999999988,23.30794599999999
2022-06-10,11836.8244,12237.8372,-0.6886,-0.7539,REFLATION,REFLATION,98.9,59.85,78.06,18.36824399999999,22.37837199999999
2022-06-17,11495.0487,11854.3732,-2.8874,-3.1334,STAGFLATION,REFLATION,95.08,49.02,66.61,14.95048699999999,18.54373199999999
2022-06-24,11552.0406,11924.3509,0.4958,0.5903,STAGFLATION,REFLATION,72.41,48.36,59.66,15.520405999999998,19.243509000000003
2022-07-01,11413.8819,11788.3255,-1.196,-1.1407,STAGFLATION,REFLATION,20.02,42.01,63.63,14.138819000000002,17.88325500000001
2022-07-08,11317.9381,11657.6919,-0.8406,-1.1082,STAGFLATION,STAGFLATION,96.15,41.29,58.32,13.179381000000001,16.576919
2022-07-15,11200.3081,11513.3477,-1.0393,-1.2382,STAGFLATION,STAGFLATION,96.29,41.29,56.06,12.003081000000005,15.133477000000006
2022-07-22,11288.9031,11577.9464,0.791,0.5611,STAGFLATION,STAGFLATION,96.77,40.79,54.96,12.889031000000006,15.77946400000001
2022-07-29,11529.1115,11837.5863,2.1278,2.2425,STAGFLATION,STAGFLATION,95.75,39.87,60.87,15.291115,18.375863000000003
2022-08-05,11433.6423,11737.795,-0.8281,-0.843,STAGFLATION,STAGFLATION,87.17,38.97,69.71,14.336422999999998,17.37795
2022-08-12,11636.2646,11951.3384,1.7722,1.8193,STAGFLATION,STAGFLATION,88.86,38.32,61.7,16.362646000000012,19.513384000000002
2022-08-19,11468.7105,11776.8622,-1.4399,-1.4599,STAGFLATION,STAGFLATION,89.96,40.69,63.12,14.687104999999988,17.768622
2022-08-26,11441.2905,11769.0724,-0.2391,-0.0661,STAGFLATION,STAGFLATION,92.28,42.52,51.85,14.412904999999988,17.690724000000003
2022-09-02,11201.1676,11526.7459,-2.0987,-2.059,STAGFLATION,STAGFLATION,89.71,45.23,53.0,12.011676000000016,15.267458999999995
2022-09-09,11285.0795,11602.9694,0.7491,0.6613,STAGFLATION,STAGFLATION,96.76,47.4,53.5,12.850794999999993,16.029694000000006
2022-09-16,11075.1956,11418.965,-1.8598,-1.5858,REFLATION,STAGFLATION,97.87,50.41,56.95,10.751955999999986,14.18965000000001
2022-09-23,10823.8785,11191.688,-2.2692,-1.9903,REFLATION,STAGFLATION,96.72,50.52,56.32,8.238785000000014,11.916879999999995
2022-09-30,10721.7183,11123.9111,-0.9438,-0.6056,GOLDILOCKS,STAGFLATION,95.47,50.88,49.75,7.217183000000005,11.23911099999999
2022-10-07,10908.0923,11367.965,1.7383,2.194,DEFLATION,STAGFLATION,96.61,49.18,46.86,9.080923000000007,13.679649999999999
2022-10-14,10707.3785,11140.3683,-1.84,-2.0021,DEFLATION,STAGFLATION,89.04,48.56,49.46,7.073784999999999,11.403683000000008
2022-10-21,10744.7106,11179.0742,0.3487,0.3474,STAGFLATION,STAGFLATION,84.37,44.53,51.86,7.447106000000003,11.790741999999987
2022-10-28,10825.0709,11251.5308,0.7479,0.6481,STAGFLATION,STAGFLATION,74.78,45.34,65.12,8.250709,12.515308000000003
2022-11-04,11003.3134,11453.8892,1.6466,1.7985,STAGFLATION,STAGFLATION,79.99,45.26,66.19,10.033133999999988,14.538892000000004
2022-11-11,11196.3605,11636.7385,1.7544,1.5964,STAGFLATION,STAGFLATION,89.6,46.68,64.57,11.963605,16.36738499999999
2022-11-18,11074.8769,11500.6538,-1.085,-1.1694,STAGFLATION,STAGFLATION,88.23,43.38,64.84,10.748768999999992,15.006538000000003
2022-11-25,11085.674,11503.0587,0.0975,0.0209,STAGFLATION,STAGFLATION,92.82,47.47,62.16,10.85674000000001,15.030586999999995
2022-12-02,11274.0285,11696.2057,1.6991,1.6791,STAGFLATION,STAGFLATION,94.63,45.88,63.85,12.740284999999997,16.962056999999998
2022-12-09,11087.7683,11525.3824,-1.6521,-1.4605,REFLATION,STAGFLATION,97.08,50.88,68.09,10.877683000000005,15.253823999999994
2022-12-16,11045.4932,11497.3327,-0.3813,-0.2434,REFLATION,STAGFLATION,98.04,54.4,61.01,10.454932000000007,14.973327000000003
2022-12-23,11046.8338,11522.7543,0.0121,0.2211,REFLATION,STAGFLATION,97.59,51.65,56.37,10.468338,15.227542999999999
2022-12-30,11054.6274,11547.6855,0.0706,0.2164,STAGFLATION,STAGFLATION,96.53,49.72,58.83,10.54627399999999,15.476855
2023-01-06,11145.6634,11611.1479,0.8235,0.5496,REFLATION,STAGFLATION,96.19,53.05,61.72,11.456633999999987,16.111479000000006
2023-01-13,11432.3302,11893.4364,2.572,2.4312,REFLATION,STAGFLATION,96.73,54.05,57.18,14.323302000000005,18.934364000000016
2023-01-20,11481.3648,11938.7856,0.4289,0.3813,REFLATION,STAGFLATION,97.16,55.73,60.57,14.813648,19.387855999999992
2023-01-27,11532.9045,11962.2091,0.4489,0.1962,REFLATION,STAGFLATION,97.26,56.81,60.57,15.329045000000008,19.622091000000008
2023-02-03,11380.7028,11764.4394,-1.3197,-1.6533,REFLATION,STAGFLATION,98.58,59.85,63.53,13.807027999999999,17.644394
2023-02-10,11325.6294,11746.9774,-0.4839,-0.1484,REFLATION,STAGFLATION,97.27,59.2,54.4,13.25629399999999,17.469774000000005
2023-02-17,11284.6346,11685.4624,-0.362,-0.5237,REFLATION,STAGFLATION,97.63,54.03,55.56,12.846345999999986,16.854623999999994
2023-02-24,11123.0789,11535.2578,-1.4316,-1.2854,REFLATION,STAGFLATION,97.38,52.17,55.68,11.230789000000009,15.352577999999983
2023-03-03,11299.0054,11722.9577,1.5816,1.6272,REFLATION,STAGFLATION,97.81,52.5,53.87,12.990053999999995,17.229577000000006
2023-03-10,11052.6572,11515.7993,-2.1803,-1.7671,REFLATION,STAGFLATION,96.23,59.75,61.67,10.526572000000002,15.157993000000003
2023-03-17,11162.7967,11651.3559,0.9965,1.1771,STAGFLATION,STAGFLATION,98.22,49.49,56.92,11.627967000000016,16.513559
2023-03-24,11241.6539,11724.8363,0.7064,0.6307,STAGFLATION,STAGFLATION,92.28,46.18,58.13,12.416538999999993,17.248363000000012
2023-03-31,11384.861,11867.208,1.2739,1.2143,STAGFLATION,STAGFLATION,83.06,45.13,61.53,13.848610000000017,18.67208
2023-04-07,11469.1581,11967.4421,0.7404,0.8446,STAGFLATION,STAGFLATION,87.52,46.57,67.38,14.69158100000001,19.67442100000001
2023-04-14,11516.8962,12016.6119,0.4162,0.4109,STAGFLATION,STAGFLATION,78.52,48.13,64.71,15.168961999999997,20.166119000000005
2023-04-21,11401.7337,11894.7748,-0.9999,-1.0139,STAGFLATION,STAGFLATION,81.64,49.46,63.53,14.017337000000008,18.947747999999986
2023-04-28,11420.8854,11906.8531,0.168,0.1015,STAGFLATION,STAGFLATION,85.23,48.43,60.34,14.208853999999981,19.06853100000001
2023-05-05,11406.2034,11901.7219,-0.1286,-0.0431,REFLATION,STAGFLATION,87.45,51.26,57.28,14.062034000000011,19.017218999999997
2023-05-12,11311.9572,11802.7664,-0.8263,-0.8314,STAGFLATION,STAGFLATION,55.48,45.16,58.59,13.119572000000002,18.027663999999998
2023-05-19,11283.8349,11775.4563,-0.2486,-0.2314,STAGFLATION,STAGFLATION,53.77,41.61,51.52,12.838349000000004,17.754563
2023-05-26,11276.9643,11759.26,-0.0609,-0.1375,DEFLATION,STAGFLATION,84.89,42.13,49.04,12.769642999999986,17.592600000000004
2023-06-02,11343.487,11811.822,0.5899,0.447,DEFLATION,STAGFLATION,86.23,42.95,46.48,13.434869999999988,18.118220000000008
2023-06-09,11362.8707,11836.3594,0.1709,0.2077,DEFLATION,STAGFLATION,74.06,42.09,45.37,13.628706999999984,18.363593999999985
2023-06-16,11460.0142,11935.3442,0.8549,0.8363,DEFLATION,STAGFLATION,68.22,42.55,47.73,14.600141999999995,19.353441999999998
2023-06-23,11334.7623,11792.8526,-1.0929,-1.1939,STAGFLATION,STAGFLATION,70.68,45.81,53.85,13.34762300000001,17.928526000000012
2023-06-30,11373.1905,11827.0521,0.339,0.29,STAGFLATION,STAGFLATION,63.48,45.68,51.32,13.731905000000012,18.270521000000016
2023-07-07,11319.8689,11779.4564,-0.4688,-0.4024,STAGFLATION,STAGFLATION,45.84,49.61,51.17,13.198688999999986,17.79456399999999
2023-07-14,11546.5156,12001.9307,2.0022,1.8887,REFLATION,STAGFLATION,82.19,56.57,52.59,15.465156000000002,20.01930700000001
2023-07-21,11586.7825,12052.3844,0.3487,0.4204,REFLATION,STAGFLATION,82.34,56.49,56.14,15.867824999999991,20.523844000000004
2023-07-28,11686.7311,12143.1359,0.8626,0.753,REFLATION,STAGFLATION,78.06,55.63,57.24,16.867311000000008,21.431358999999993
2023-08-04,11537.9592,12008.9495,-1.273,-1.105,REFLATION,STAGFLATION,87.02,57.46,51.02,15.379591999999986,20.089495000000014
2023-08-11,11458.9385,11926.814,-0.6849,-0.684,GOLDILOCKS,STAGFLATION,60.61,52.86,49.22,14.589385,19.26814000000001
2023-08-18,11294.1649,11780.9858,-1.4379,-1.2227,GOLDILOCKS,STAGFLATION,86.75,52.63,48.98,12.941648999999988,17.809858000000013
2023-08-25,11384.6037,11891.5448,0.8008,0.9385,GOLDILOCKS,STAGFLATION,88.46,53.23,47.14,13.846036999999999,18.915448
2023-09-01,11531.9785,12033.6966,1.2945,1.1954,GOLDILOCKS,STAGFLATION,95.5,54.88,48.74,15.319784999999996,20.33696599999999
2023-09-08,11442.5249,11949.751,-0.7757,-0.6976,REFLATION,STAGFLATION,95.37,55.83,50.85,14.425248999999996,19.497509999999995
2023-09-15,11484.1492,12000.0861,0.3638,0.4212,REFLATION,STAGFLATION,93.14,56.41,50.21,14.841492,20.000861000000004
2023-09-22,11356.2212,11905.4975,-1.114,-0.7882,REFLATION,STAGFLATION,95.0,57.02,52.06,13.562212000000006,19.054974999999995
2023-09-29,11239.2825,11751.1407,-1.0297,-1.2965,REFLATION,STAGFLATION,91.38,59.4,53.25,12.392824999999984,17.511407000000002
2023-10-06,11131.2801,11626.0265,-0.9609,-1.0647,REFLATION,STAGFLATION,57.41,60.19,50.98,11.312801000000006,16.260264999999997
2023-10-13,11270.8462,11784.5829,1.2538,1.3638,GOLDILOCKS,REFLATION,85.48,56.44,48.35,12.708461999999997,17.845829000000002
2023-10-20,11194.3956,11712.4455,-0.6783,-0.6121,GOLDILOCKS,REFLATION,83.45,56.77,47.99,11.943956,17.124454999999994
2023-10-27,11171.3012,11673.5207,-0.2063,-0.3323,REFLATION,REFLATION,96.02,58.12,56.05,11.713011999999988,16.735206999999996
2023-11-03,11375.8068,11889.877,1.8306,1.8534,REFLATION,REFLATION,99.29,54.67,56.14,13.758068000000012,18.89877
2023-11-10,11277.6213,11775.3605,-0.8631,-0.9631,REFLATION,REFLATION,99.14,56.4,62.22,12.776213000000002,17.753605000000007
2023-11-17,11434.3754,11937.8837,1.39,1.3802,REFLATION,REFLATION,99.34,56.11,53.15,14.343754000000008,19.378837000000004
2023-11-24,11485.5472,11991.2542,0.4475,0.4471,REFLATION,REFLATION,98.94,54.37,56.66,14.855472000000013,19.912541999999988
2023-12-01,11592.7031,12088.719,0.933,0.8128,REFLATION,REFLATION,98.52,59.11,59.12,15.927031000000014,20.88718999999999
2023-12-08,11473.2984,11944.0734,-1.03,-1.1965,REFLATION,REFLATION,99.45,59.84,60.5,14.732984000000005,19.440733999999992
2023-12-15,11651.4023,12131.9852,1.5523,1.5733,REFLATION,REFLATION,99.35,57.87,53.13,16.514023,21.319851999999994
2023-12-22,11732.2655,12214.9562,0.694,0.6839,REFLATION,REFLATION,98.8,60.94,58.12,17.322654999999987,22.149562
2023-12-29,11745.7419,12232.93,0.1149,0.1471,REFLATION,REFLATION,99.24,60.21,59.93,17.45741900000002,22.329299999999996
2024-01-05,11647.9714,12130.839,-0.8324,-0.8346,REFLATION,REFLATION,98.94,60.31,60.61,16.479714000000012,21.30839
2024-01-12,11673.0388,12150.2069,0.2152,0.1597,REFLATION,REFLATION,98.92,57.42,59.33,16.730387999999998,21.502069000000002
2024-01-19,11618.6253,12090.2144,-0.4661,-0.4938,REFLATION,REFLATION,99.11,59.51,54.47,16.186253000000008,20.90214400000001
2024-01-26,11723.1303,12216.6495,0.8995,1.0458,REFLATION,REFLATION,98.64,60.28,51.76,17.231302999999997,22.166494999999987
2024-02-02,11720.7487,12179.2393,-0.0203,-0.3062,REFLATION,REFLATION,98.61,53.46,51.16,17.20748700000001,21.792392999999997
2024-02-09,11801.6392,12288.7326,0.6901,0.899,GOLDILOCKS,REFLATION,97.09,51.3,48.07,18.016392000000003,22.887325999999987
2024-02-16,11809.0958,12291.6545,0.0632,0.0238,REFLATION,REFLATION,97.37,55.02,54.12,18.090958,22.916545
2024-02-23,11839.5325,12318.265,0.2577,0.2165,REFLATION,REFLATION,98.49,55.26,54.07,18.395324999999985,23.182649999999995
2024-03-01,11999.8408,12473.0088,1.354,1.2562,REFLATION,REFLATION,98.57,57.83,56.19,19.99840799999999,24.730088000000006
2024-03-08,12120.5346,12588.1507,1.0058,0.9231,REFLATION,REFLATION,98.71,54.65,59.8,21.205346000000013,25.881507000000003
2024-03-15,12153.7311,12630.8809,0.2739,0.3394,REFLATION,REFLATION,99.0,53.77,68.29,21.537311000000003,26.30880900000001
2024-03-22,12201.2774,12680.8184,0.3912,0.3954,REFLATION,REFLATION,98.89,52.46,63.07,22.012774000000014,26.808184
2024-03-29,12318.818,12803.0597,0.9633,0.964,REFLATION,REFLATION,99.41,54.37,58.65,23.188180000000003,28.03059699999999
2024-04-05,12434.7295,12934.4106,0.9409,1.0259,REFLATION,REFLATION,99.33,53.29,58.41,24.347294999999992,29.344105999999993
2024-04-12,12388.1464,12873.1478,-0.3746,-0.4736,REFLATION,REFLATION,99.55,55.15,62.4,23.881463999999998,28.731478
2024-04-19,12267.4835,12740.6439,-0.974,-1.0293,REFLATION,REFLATION,99.49,56.86,57.95,22.674835000000005,27.406438999999992
2024-04-26,12370.9518,12867.3274,0.8434,0.9943,REFLATION,REFLATION,99.54,58.95,60.21,23.709518000000006,28.673273999999992
2024-05-03,12368.3576,12864.6692,-0.021,-0.0207,REFLATION,REFLATION,99.64,62.72,62.86,23.683575999999995,28.64669200000001
2024-05-10,12480.3737,12978.0492,0.9057,0.8813,REFLATION,REFLATION,99.64,64.66,68.89,24.803737000000005,29.78049199999999
2024-05-17,12699.9622,13205.3603,1.7595,1.7515,REFLATION,REFLATION,99.58,55.83,64.78,26.999621999999988,32.053602999999995
2024-05-24,12578.9864,13076.1724,-0.9526,-0.9783,REFLATION,REFLATION,99.67,57.23,66.52,25.78986400000001,30.76172399999999
2024-05-31,12489.2584,12973.5422,-0.7133,-0.7849,REFLATION,REFLATION,99.65,57.9,65.55,24.892584000000006,29.73542199999999
2024-06-07,12420.6727,12895.1118,-0.5492,-0.6045,REFLATION,REFLATION,99.65,57.94,65.96,24.206726999999994,28.951118000000008
2024-06-14,12547.5583,13024.2381,1.0216,1.0014,REFLATION,REFLATION,99.56,51.64,60.03,25.475583000000015,30.24238100000001
2024-06-21,12563.1992,13054.0676,0.1247,0.229,STAGFLATION,REFLATION,99.34,47.98,54.2,25.631991999999993,30.540676000000012
2024-06-28,12537.4627,13039.4014,-0.2049,-0.1123,STAGFLATION,REFLATION,99.28,48.84,56.15,25.374626999999993,30.394014000000013
2024-07-05,12714.6994,13231.84,1.4137,1.4758,REFLATION,REFLATION,99.33,50.36,58.5,27.146994000000003,32.31839999999999
2024-07-12,12760.56,13284.6573,0.3607,0.3992,REFLATION,REFLATION,99.37,50.53,63.41,27.605599999999985,32.846573
2024-07-19,12592.3244,13087.8421,-1.3184,-1.4815,REFLATION,REFLATION,99.43,52.92,65.35,25.92324399999999,30.878421
2024-07-26,12526.5257,13020.2234,-0.5225,-0.5167,STAGFLATION,REFLATION,98.33,48.51,64.88,25.265257,30.20223400000002
2024-08-02,12479.81,12932.1953,-0.3729,-0.6761,STAGFLATION,REFLATION,98.51,49.1,64.03,24.7981,29.321953
2024-08-09,12478.8507,12950.6821,-0.0077,0.143,STAGFLATION,REFLATION,97.04,46.69,64.15,24.788507000000017,29.506820999999995
2024-08-16,12674.0224,13158.0415,1.564,1.6011,STAGFLATION,REFLATION,98.2,49.08,59.46,26.740224,31.580414999999995
2024-08-23,12756.5448,13246.8187,0.6511,0.6747,REFLATION,REFLATION,98.64,51.64,62.25,27.565448000000004,32.468187
2024-08-30,12697.1897,13186.6603,-0.4653,-0.4541,REFLATION,REFLATION,98.42,50.32,66.15,26.971897,31.866602999999994
2024-09-06,12464.9226,12906.3893,-1.8293,-2.1254,REFLATION,REFLATION,98.45,50.64,59.67,24.64922599999999,29.063893000000007
2024-09-13,12742.499,13193.7515,2.2269,2.2265,REFLATION,REFLATION,98.92,50.59,54.64,27.424990000000005,31.937514999999994
2024-09-20,12876.9515,13356.9874,1.0552,1.2372,REFLATION,REFLATION,99.14,51.81,54.66,28.769515000000002,33.569874
2024-09-27,13014.1485,13521.8037,1.0654,1.2339,REFLATION,REFLATION,98.82,53.76,56.36,30.141485000000003,35.21803700000001
2024-10-04,13102.9506,13641.8759,0.6824,0.888,REFLATION,REFLATION,99.19,55.94,59.09,31.029506000000005,36.418759
2024-10-11,13098.3201,13639.5284,-0.0353,-0.0172,REFLATION,REFLATION,98.84,51.04,53.51,30.983201000000005,36.39528399999998
2024-10-18,13115.2603,13615.392,0.1293,-0.177,STAGFLATION,REFLATION,98.35,48.32,53.23,31.152603,36.15391999999999
2024-10-25,13093.9527,13600.697,-0.1625,-0.1079,STAGFLATION,REFLATION,98.62,49.55,53.36,30.939527,36.006969999999995
2024-11-01,12990.5856,13481.6716,-0.7894,-0.8751,REFLATION,REFLATION,98.84,51.66,55.01,29.905855999999996,34.816716
2024-11-08,13150.2859,13652.8324,1.2294,1.2696,REFLATION,REFLATION,99.14,54.57,57.48,31.502859000000004,36.52832399999999
2024-11-15,12904.3959,13363.994,-1.8698,-2.1156,REFLATION,REFLATION,99.2,55.5,56.03,29.043958999999987,33.63994000000001
2024-11-22,13157.4045,13639.0299,1.9606,2.058,REFLATION,REFLATION,98.81,54.33,50.86,31.574045000000005,36.39029899999999
2024-11-29,13156.6904,13618.7689,-0.0054,-0.1486,REFLATION,REFLATION,98.63,55.53,51.49,31.566903999999994,36.187689
2024-12-06,13167.473,13621.0907,0.082,0.017,REFLATION,REFLATION,99.05,53.52,58.97,31.674730000000007,36.210907000000006
2024-12-13,13180.6324,13649.6717,0.0999,0.2098,REFLATION,REFLATION,99.3,53.77,60.96,31.806324000000007,36.49671700000001
2024-12-20,13012.9304,13463.2037,-1.2723,-1.3661,REFLATION,REFLATION,99.21,50.07,58.3,30.129304,34.632037
2024-12-27,13024.9086,13485.1535,0.092,0.163,REFLATION,REFLATION,98.88,53.54,55.18,30.249086000000002,34.851535
2025-01-03,13091.8609,13557.7634,0.514,0.5384,REFLATION,REFLATION,99.18,54.52,55.06,30.918608999999986,35.577634
2025-01-10,13063.3833,13542.5925,-0.2175,-0.1119,REFLATION,REFLATION,99.38,56.6,53.38,30.633833,35.425925000000014
2025-01-17,13270.3103,13758.5479,1.584,1.5946,REFLATION,REFLATION,99.34,58.95,56.27,32.70310299999999,37.585479
2025-01-24,13354.4179,13849.3045,0.6338,0.6596,REFLATION,REFLATION,99.42,52.61,61.36,33.544179,38.493044999999995
2025-01-31,13336.0097,13811.3599,-0.1378,-0.274,REFLATION,REFLATION,99.3,51.22,69.98,33.360096999999996,38.113599
2025-02-07,13408.5268,13886.4342,0.5438,0.5436,REFLATION,REFLATION,99.45,57.06,65.94,34.085268,38.86434199999999
2025-02-14,13535.8577,14033.3853,0.9496,1.0582,REFLATION,REFLATION,99.13,52.36,66.95,35.358577000000004,40.333853000000005
2025-02-21,13570.7397,14067.0709,0.2577,0.24,REFLATION,REFLATION,99.15,54.37,70.07,35.70739700000001,40.670709
2025-02-28,13354.626,13821.6024,-1.5925,-1.745,STAGFLATION,REFLATION,97.49,48.66,68.91,33.546260000000004,38.21602399999999
2025-03-07,13343.6656,13812.7809,-0.0821,-0.0638,STAGFLATION,REFLATION,97.02,43.01,62.45,33.436656000000006,38.12780899999999
2025-03-14,13385.9047,13841.8523,0.3165,0.2105,STAGFLATION,REFLATION,97.55,48.53,66.56,33.859047,38.418523000000015
2025-03-21,13439.8574,13898.9974,0.4031,0.4128,STAGFLATION,REFLATION,97.81,49.12,63.99,34.39857400000002,38.989974
2025-03-28,13449.5644,13890.5891,0.0722,-0.0605,STAGFLATION,REFLATION,97.45,48.51,63.5,34.495644000000006,38.90589099999999
2025-04-04,12997.7999,13351.4461,-3.359,-3.8814,STAGFLATION,REFLATION,98.2,46.41,60.72,29.977999,33.514461
2025-04-11,13194.3753,13573.2636,1.5124,1.6614,REFLATION,REFLATION,99.04,50.39,58.93,31.943753000000008,35.73263600000001
2025-04-18,13306.0142,13690.5613,0.8461,0.8642,REFLATION,REFLATION,98.75,51.19,59.53,33.060142000000006,36.905612999999995
2025-04-25,13501.0754,13894.197,1.466,1.4874,REFLATION,REFLATION,99.01,52.77,58.71,35.010754,38.94196999999999
2025-05-02,13510.4797,13912.4381,0.0697,0.1313,REFLATION,REFLATION,98.51,51.36,56.57,35.104797,39.124381
2025-05-09,13598.49,14006.5926,0.6514,0.6768,STAGFLATION,REFLATION,97.83,45.07,50.79,35.98490000000001,40.065926000000005
2025-05-16,13695.467,14129.7765,0.7131,0.8795,DEFLATION,REFLATION,97.55,48.04,47.3,36.954670000000014,41.297765
2025-05-23,13692.1901,14137.491,-0.0239,0.0546,GOLDILOCKS,REFLATION,96.9,50.98,46.5,36.92190099999999,41.37491
2025-05-30,13634.1862,14056.6002,-0.4236,-0.5722,STAGFLATION,REFLATION,98.17,49.55,56.32,36.341862000000006,40.566002
2025-06-06,13831.5071,14292.584,1.4473,1.6788,STAGFLATION,REFLATION,98.46,48.62,57.16,38.315071,42.925840000000015
2025-06-13,14006.4187,14490.4969,1.2646,1.3847,REFLATION,REFLATION,98.92,52.15,57.86,40.064187000000004,44.90496900000001
2025-06-20,14026.5855,14526.1183,0.144,0.2458,REFLATION,REFLATION,99.21,50.89,58.75,40.265854999999995,45.261182999999996
2025-06-27,13969.9899,14452.5654,-0.4035,-0.5063,REFLATION,REFLATION,99.15,51.47,57.05,39.699898999999995,44.52565399999999
2025-07-04,14140.3897,14646.0525,1.2198,1.3388,REFLATION,REFLATION,99.37,53.03,59.83,41.403897,46.460525
2025-07-11,14178.3284,14677.4747,0.2683,0.2145,REFLATION,REFLATION,98.93,56.4,60.94,41.783283999999995,46.77474700000002
2025-07-18,14218.7109,14726.0551,0.2848,0.331,REFLATION,REFLATION,99.18,57.89,57.33,42.187109,47.26055099999999
2025-07-25,14239.4494,14737.6501,0.1459,0.0787,REFLATION,REFLATION,99.23,60.67,56.45,42.394493999999995,47.37650100000002
2025-08-01,14100.4726,14583.733,-0.976,-1.0444,REFLATION,REFLATION,99.41,62.41,61.53,41.004726000000005,45.83733000000001
2025-08-08,14235.1054,14716.2901,0.9548,0.9089,REFLATION,REFLATION,99.14,60.14,56.6,42.35105400000001,47.162901000000005
2025-08-15,14245.923,14736.8426,0.076,0.1397,REFLATION,REFLATION,98.96,57.46,62.78,42.459230000000005,47.368426
2025-08-22,14374.8273,14879.1182,0.9049,0.9654,REFLATION,REFLATION,98.93,59.71,63.84,43.74827300000001,48.79118200000001
2025-08-29,14409.3025,14909.441,0.2398,0.2038,REFLATION,REFLATION,98.83,56.0,66.15,44.09302500000001,49.09441000000001
2025-09-05,14536.2501,15025.3653,0.881,0.7775,REFLATION,REFLATION,99.03,54.72,63.85,45.36250099999999,50.253653
2025-09-12,14717.6273,15223.7018,1.2478,1.32,REFLATION,REFLATION,98.99,53.36,64.29,47.176273,52.237018
2025-09-19,14789.6377,15303.393,0.4893,0.5235,REFLATION,REFLATION,99.01,52.14,64.44,47.896377,53.033930000000005
2025-09-26,14904.4776,15421.42,0.7765,0.7712,REFLATION,REFLATION,98.85,55.36,63.6,49.04477600000001,54.21419999999999
2025-10-03,15046.7089,15554.57,0.9543,0.8634,REFLATION,REFLATION,99.27,63.07,61.42,50.46708899999999,55.54569999999999
2025-10-10,15000.7317,15451.3635,-0.3056,-0.6635,STAGFLATION,REFLATION,97.6,48.45,60.21,50.00731700000001,54.513634999999994
2025-10-17,15216.0884,15692.7343,1.4356,1.5621,STAGFLATION,REFLATION,98.4,43.35,52.91,52.16088400000001,56.92734299999999
2025-10-24,15309.9851,15828.8269,0.6171,0.8672,STAGFLATION,REFLATION,98.69,49.83,54.53,53.09985100000001,58.28826899999999
2025-10-31,15264.484,15788.4714,-0.2972,-0.2549,STAGFLATION,REFLATION,98.61,47.7,52.98,52.64484,57.884713999999995
2025-11-07,15178.4169,15698.4452,-0.5638,-0.5702,REFLATION,REFLATION,98.77,51.54,54.48,51.784169000000006,56.984452
2025-11-14,15227.6591,15749.333,0.3244,0.3242,STAGFLATION,REFLATION,97.45,44.65,56.17,52.27659100000002,57.49333000000001
2025-11-21,15099.6184,15582.5036,-0.8408,-1.0593,STAGFLATION,REFLATION,97.27,42.94,60.45,50.996183999999985,55.825036
2025-11-28,15429.151,15933.2803,2.1824,2.2511,STAGFLATION,REFLATION,97.65,43.93,56.27,54.29151000000001,59.33280300000001
2025-12-05,15465.2248,15986.0887,0.2338,0.3314,STAGFLATION,REFLATION,97.54,49.29,60.37,54.65224799999999,59.860887000000005
2025-12-12,15470.3787,15968.9153,0.0333,-0.1074,REFLATION,REFLATION,97.63,50.37,65.85,54.703787000000005,59.689153
2025-12-19,15564.6485,16039.8423,0.6094,0.4442,STAGFLATION,REFLATION,94.34,40.34,68.23,55.646485,60.398423
2025-12-26,15901.0259,16370.584,2.1612,2.062,STAGFLATION,REFLATION,96.85,44.87,64.67,59.01025900000001,63.705840000000016
2026-01-02,15739.4059,16227.5793,-1.0164,-0.8735,REFLATION,REFLATION,98.52,53.3,66.79,57.394059000000006,62.27579299999999
2026-01-09,16045.0379,16543.908,1.9418,1.9493,REFLATION,REFLATION,99.07,62.56,62.48,60.450378999999984,65.43908
2026-01-16,16192.2081,16694.2213,0.9172,0.9086,REFLATION,REFLATION,99.16,62.11,60.0,61.922081000000006,66.94221300000001
2026-01-23,16547.1282,17076.9765,2.1919,2.2927,REFLATION,REFLATION,99.17,63.9,62.38,65.47128199999999,70.769765
2026-01-30,16435.3565,16992.1885,-0.6755,-0.4965,REFLATION,REFLATION,99.35,58.39,71.66,64.35356500000002,69.921885
2026-02-06,16440.73,17005.698,0.0327,0.0795,REFLATION,REFLATION,99.38,59.23,70.52,64.40729999999999,70.05698
2026-02-13,16482.0304,17042.3733,0.2512,0.2157,STAGFLATION,REFLATION,97.34,47.05,63.02,64.82030400000001,70.423733
2026-02-20,16702.7829,17283.9763,1.3394,1.4177,STAGFLATION,REFLATION,97.26,45.15,58.28,67.027829,72.83976299999999
2026-02-27,16838.254,17426.4014,0.8111,0.824,REFLATION,REFLATION,98.25,55.34,51.15,68.38254000000002,74.26401399999997
2026-03-06,16784.6028,17408.4253,-0.3186,-0.1032,STAGFLATION,REFLATION,97.84,48.61,54.75,67.84602800000002,74.08425299999999
2026-03-13,16756.9903,17415.7383,-0.1645,0.042,STAGFLATION,REFLATION,98.16,48.88,53.13,67.56990300000001,74.15738300000001
2026-03-20,16380.1975,17060.1814,-2.2486,-2.0416,STAGFLATION,REFLATION,97.67,45.39,52.03,63.801975,70.601814
2026-03-27,16353.8231,17030.6773,-0.161,-0.1729,STAGFLATION,REFLATION,98.36,48.95,55.72,63.538231,70.30677299999999
2026-04-03,16637.9869,17328.5566,1.7376,1.7491,STAGFLATION,REFLATION,98.94,49.95,53.74,66.37986899999999,73.285566
2026-04-10,16874.6059,17577.0473,1.4222,1.434,REFLATION,REFLATION,89.8,55.61,56.86,68.74605899999999,75.770473
2026-04-17,17149.6933,17881.8234,1.6302,1.7339,STAGFLATION,REFLATION,97.3,48.54,62.53,71.496933,78.818234
2026-04-24,17258.6292,18039.9498,0.6352,0.8843,REFLATION,REFLATION,97.6,54.28,63.41,72.586292,80.399498
2026-05-01,17326.7147,18144.3869,0.3945,0.5789,REFLATION,REFLATION,97.55,51.37,62.63,73.26714700000001,81.44386900000002
2026-05-08,17565.409,18393.5465,1.3776,1.3732,REFLATION,REFLATION,97.62,57.34,61.48,75.65409000000001,83.935465
